{
  "results": [
    {
      "command": "go-http-client",
      "mean": 0.75963700778,
      "stddev": 0.006690252083502684,
      "median": 0.7585778385,
      "user": 0.2590458399999999,
      "system": 0.31475805999999984,
      "min": 0.744640482,
      "max": 0.77860045,
      "times": [
        0.7552068390000001,
        0.744640482,
        0.754210986,
        0.7594261090000001,
        0.766379031,
        0.7590921730000001,
        0.7457659430000001,
        0.752550566,
        0.761568758,
        0.750986243,
        0.75235991,
        0.760132412,
        0.761341067,
        0.764237935,
        0.7494538420000001,
        0.7533411480000001,
        0.7568539080000001,
        0.752621489,
        0.7684334310000001,
        0.759359509,
        0.751619934,
        0.7563594720000001,
        0.764329903,
        0.762978288,
        0.777250085,
        0.754459803,
        0.7538821710000001,
        0.7579487610000001,
        0.751373767,
        0.756880843,
        0.754099673,
        0.760317994,
        0.7687305120000001,
        0.7673366140000001,
        0.7681974210000001,
        0.764712724,
        0.76488818,
        0.762076513,
        0.771864675,
        0.7689548500000001,
        0.7575337790000001,
        0.761505454,
        0.7599182040000001,
        0.765959445,
        0.758974687,
        0.7513344190000001,
        0.772353069,
        0.772521883,
        0.77860045,
        0.7630725740000001,
        0.756828229,
        0.754295131,
        0.7574357340000001,
        0.752709854,
        0.7556393610000001,
        0.757605603,
        0.758011057,
        0.750998719,
        0.7606729320000001,
        0.758294737,
        0.7573378740000001,
        0.7583198510000001,
        0.750995378,
        0.7608612960000001,
        0.763689461,
        0.750228321,
        0.75439036,
        0.7580046890000001,
        0.758053473,
        0.758453028,
        0.7564660230000001,
        0.757658166,
        0.75788818,
        0.7603127380000001,
        0.7517818300000001,
        0.751724378,
        0.7625726190000001,
        0.759421101,
        0.7703730190000001,
        0.759120577,
        0.761636759,
        0.7671895350000001,
        0.7647222730000001,
        0.766827895,
        0.7698122150000001,
        0.768348605,
        0.7667335150000001,
        0.768460684,
        0.757653714,
        0.7671177990000001,
        0.756184622,
        0.769441785,
        0.763529301,
        0.7587026490000001,
        0.7493334970000001,
        0.7560856340000001,
        0.7596681930000001,
        0.753058898,
        0.758340126,
        0.752711432
      ],
      "exit_codes": [
        0,
        0,
        0,
        0,
        0,
        0,
        0,
        0,
        0,
        0,
        0,
        0,
        0,
        0,
        0,
        0,
        0,
        0,
        0,
        0,
        0,
        0,
        0,
        0,
        0,
        0,
        0,
        0,
        0,
        0,
        0,
        0,
        0,
        0,
        0,
        0,
        0,
        0,
        0,
        0,
        0,
        0,
        0,
        0,
        0,
        0,
        0,
        0,
        0,
        0,
        0,
        0,
        0,
        0,
        0,
        0,
        0,
        0,
        0,
        0,
        0,
        0,
        0,
        0,
        0,
        0,
        0,
        0,
        0,
        0,
        0,
        0,
        0,
        0,
        0,
        0,
        0,
        0,
        0,
        0,
        0,
        0,
        0,
        0,
        0,
        0,
        0,
        0,
        0,
        0,
        0,
        0,
        0,
        0,
        0,
        0,
        0,
        0,
        0,
        0
      ]
    },
    {
      "command": "python-requests",
      "mean": 0.014308502690000002,
      "stddev": 0.00010241823033021831,
      "median": 0.0142991455,
      "user": 0.01051391,
      "system": 0.0036910099999999998,
      "min": 0.014165494,
      "max": 0.01494602,
      "times": [
        0.014400425000000001,
        0.014421693000000001,
        0.014356864,
        0.014272856,
        0.014215388,
        0.014342998000000001,
        0.014289257000000001,
        0.014324483,
        0.014300709000000002,
        0.014517575000000001,
        0.014410625000000002,
        0.014259431000000001,
        0.014218207,
        0.014252728000000001,
        0.014220848000000001,
        0.014221169,
        0.014197581,
        0.014358317,
        0.014294837000000001,
        0.014362223,
        0.014375458,
        0.014308362000000002,
        0.014263559,
        0.014322550000000002,
        0.014263509,
        0.014262981000000001,
        0.014303383000000001,
        0.014300278000000001,
        0.014242870000000001,
        0.014213795000000001,
        0.014288145,
        0.014199826,
        0.014299777000000001,
        0.014247308,
        0.014319787,
        0.014240505,
        0.014195220000000001,
        0.014304245,
        0.014376862,
        0.014238551,
        0.01434609,
        0.014177831,
        0.014186925000000001,
        0.014358467000000001,
        0.014590452,
        0.014397186000000001,
        0.014248724,
        0.014252708000000001,
        0.014381600000000001,
        0.014291949000000002,
        0.014361612000000001,
        0.014280820000000001,
        0.014400326000000001,
        0.014326507,
        0.014368305000000001,
        0.014289107,
        0.014388032,
        0.014433828000000001,
        0.014299136,
        0.014225638,
        0.014286412,
        0.014179951000000001,
        0.014232400000000001,
        0.014202805,
        0.014299155000000001,
        0.014166417,
        0.014372002,
        0.014320085000000001,
        0.014318702,
        0.014373424000000001,
        0.01441324,
        0.01494602,
        0.014328450000000001,
        0.014267786000000001,
        0.014305718,
        0.014218113000000001,
        0.014295198,
        0.014522114000000001,
        0.014226449,
        0.014237473,
        0.014378163000000001,
        0.014208165,
        0.014307942,
        0.014282815,
        0.014303050000000001,
        0.014343569,
        0.014346477000000002,
        0.014242239,
        0.014237249,
        0.014165494,
        0.014305809000000001,
        0.014425292000000001,
        0.014420714000000001,
        0.014170864,
        0.014277224000000002,
        0.014244894000000001,
        0.014327239,
        0.01428533,
        0.014382382,
        0.014273016000000001
      ],
      "exit_codes": [
        2,
        2,
        2,
        2,
        2,
        2,
        2,
        2,
        2,
        2,
        2,
        2,
        2,
        2,
        2,
        2,
        2,
        2,
        2,
        2,
        2,
        2,
        2,
        2,
        2,
        2,
        2,
        2,
        2,
        2,
        2,
        2,
        2,
        2,
        2,
        2,
        2,
        2,
        2,
        2,
        2,
        2,
        2,
        2,
        2,
        2,
        2,
        2,
        2,
        2,
        2,
        2,
        2,
        2,
        2,
        2,
        2,
        2,
        2,
        2,
        2,
        2,
        2,
        2,
        2,
        2,
        2,
        2,
        2,
        2,
        2,
        2,
        2,
        2,
        2,
        2,
        2,
        2,
        2,
        2,
        2,
        2,
        2,
        2,
        2,
        2,
        2,
        2,
        2,
        2,
        2,
        2,
        2,
        2,
        2,
        2,
        2,
        2,
        2,
        2
      ]
    },
    {
      "command": "python-urllib3",
      "mean": 1.6658113669000005,
      "stddev": 0.013759585371161563,
      "median": 1.6674436645,
      "user": 1.2316164199999995,
      "system": 0.13364092999999996,