{
  "results": [
    {
      "command": "go-http-client",
      "mean": 0.7687807947800002,
      "stddev": 0.006814678335211263,
      "median": 0.7699236155,
      "user": 0.26166462,
      "system": 0.3181852599999999,
      "min": 0.75253457,
      "max": 0.7906902250000001,
      "times": [
        0.766464794,
        0.76151387,
        0.756574637,
        0.766062267,
        0.772396427,
        0.7752658610000001,
        0.756709084,
        0.7636372300000001,
        0.75253457,
        0.763217307,
        0.769879265,
        0.7704025710000001,
        0.760919012,
        0.7643311070000001,
        0.767763301,
        0.775849176,
        0.772468769,
        0.7728859090000001,
        0.7717352580000001,
        0.7720257920000001,
        0.770571443,
        0.766859535,
        0.7746898200000001,
        0.7906902250000001,
        0.772776048,
        0.7727520120000001,
        0.7755644070000001,
        0.7763337370000001,
        0.7616843280000001,
        0.7621616630000001,
        0.7636322430000001,
        0.774667207,
        0.776026934,
        0.7746119600000001,
        0.7567160150000001,
        0.7630760310000001,
        0.772609007,
        0.764317317,
        0.762201279,
        0.7699679660000001,
        0.770573825,
        0.7755139270000001,
        0.765417431,
        0.766377105,
        0.7661834000000001,
        0.7762187180000001,
        0.773086739,
        0.766610444,
        0.775547913,
        0.7689648530000001
      ],
      "exit_codes": [
        0,
        0,
        0,
        0,
        0,
        0,
        0,
        0,
        0,
        0,
        0,
        0,
        0,
        0,
        0,
        0,
        0,
        0,
        0,
        0,
        0,
        0,
        0,
        0,
        0,
        0,
        0,
        0,
        0,
        0,
        0,
        0,
        0,
        0,
        0,
        0,
        0,
        0,
        0,
        0,
        0,
        0,
        0,
        0,
        0,
        0,
        0,
        0,
        0,
        0
      ]
    }
  ]
}
