{
  "results": [
    {
      "command": "go-http-client",
      "mean": 0.7775605755999997,
      "stddev": 0.007098230281637098,
      "median": 0.7775996975,
      "user": 0.26127234,
      "system": 0.3306287799999999,
      "min": 0.764037737,
      "max": 0.7914054420000001,
      "times": [
        0.7742862140000001,
        0.764037737,
        0.776976046,
        0.773627815,
        0.769205317,
        0.768470333,
        0.7752542800000001,
        0.7648376840000001,
        0.777903899,
        0.7713679050000001,
        0.776054766,
        0.7672322210000001,
        0.782787322,
        0.7698359880000001,
        0.7778663250000001,
        0.77808094,
        0.773202182,
        0.7825915480000001,
        0.7688992520000001,
        0.7753543150000001,
        0.765948111,
        0.774418732,
        0.7685598450000001,
        0.7806395960000001,
        0.777491633,
        0.7723468950000001,
        0.7740594580000001,
        0.768042635,
        0.7790563800000001,
        0.7767039910000001,
        0.7820392270000001,
        0.781072779,
        0.7819660070000001,
        0.781332953,
        0.787227639,
        0.788281098,
        0.787741961,
        0.784230749,
        0.7889120740000001,
        0.7865232710000001,
        0.7914054420000001,
        0.7890986900000001,
        0.7897814030000001,
        0.779285404,
        0.777707762,
        0.781981546,
        0.7782384560000001,
        0.785973671,
        0.7746562650000001,
        0.7754330180000001
      ],
      "exit_codes": [
        0,
        0,
        0,
        0,
        0,
        0,
        0,
        0,
        0,
        0,
        0,
        0,
        0,
        0,
        0,
        0,
        0,
        0,
        0,
        0,
        0,
        0,
        0,
        0,
        0,
        0,
        0,
        0,
        0,
        0,
        0,
        0,
        0,
        0,
        0,
        0,
        0,
        0,
        0,
        0,
        0,
        0,
        0,
        0,
        0,
        0,
        0,
        0,
        0,
        0
      ]
    },
    {
      "command": "python-requests",
      "mean": 3.4721875910599995,
      "stddev": 0.03471066018539073,
      "median": 3.47089997,
      "user": 2.98095246,
      "system": 0.18240775999999992,
      "min": 3.407322511,
      "max": 3.542130551,
      "times": [
        3.4612299760000003,
        3.45762253,
        3.481950646,
        3.458173832,
        3.469565019,
        3.45638203,
        3.426758557,
        3.474283727,
        3.423383648,
        3.536980162,
        3.473257008,
        3.424008433,
        3.486748647,
        3.517861576,
        3.542130551,
        3.4279664370000003,
        3.504351956,
        3.4592661810000003,
        3.530389049,
        3.444168788,
        3.475187348,
        3.511727021,
        3.530089255,
        3.467312689,
        3.472234921,
        3.443237487,
        3.407322511,
        3.478090598,
        3.521205214,
        3.498764725,
        3.510462426,
        3.420540818,
        3.466254088,
        3.428766367,
        3.4737808980000002,
        3.457151665,
        3.496123574,
        3.505091383,
        3.4599158230000002,
        3.481716463,
        3.502309397,
        3.435080422,
        3.4113179860000002,
        3.473855982,
        3.431617633,
        3.452490033,
        3.465858826,
        3.502124241,
        3.518014929,
        3.455256077
      ],
      "exit_codes": [
        0,
        0,
        0,
        0,
        0,
        0,
        0,
        0,
        0,
        0,
        0,
        0,
        0,
        0,
        0,
        0,
        0,
        0,
        0,
        0,
        0,
        0,
        0,
        0,
        0,
        0,
        0,
        0,
        0,
        0,
        0,
        0,
        0,
        0,
        0,
        0,
        0,
        0,
        0,
        0,
        0,
        0,
        0,
        0,
        0,
        0,
        0,
        0,
        0,
        0
      ]
    },
    {
      "command": "python-urllib",
      "mean": 1.5245830459200003,
      "stddev": 0.0129528121565969,
      "median": 1.5238638775000002,
      "user": 1.0682660999999998,
      "system": 0.14973968000000004,
      "min": 1.495864231,
      "max": 1.5489001290000002,
      "times": [
        1.506163756,
        1.5220668590000002,
        1.5193558710000001,
        1.5248454420000002,
        1.529589246,
        1.5173803060000002,
        1.533387537,
        1.528963372,
        1.503154328,
        1.523655532,
        1.522526111,
        1.5262828769999999,
        1.505755216,
        1.544286752,
        1.5213018790000001,
        1.515846614,
        1.524377103,
        1.522626354,
        1.544350422,
        1.5243258100000001,
        1.534615181,
        1.537775022,
        1.542904025,
        1.5222246670000001,
        1.5377896739999999,
        1.520424487,
        1.539675047,
        1.5240722230000001,
        1.507442164,
        1.5148100480000002,
        1.523154908,
        1.506510386,
        1.54011656,
        1.5185078010000002,
        1.5241834010000002,
        1.527345415,
        1.5489001290000002,
        1.548859331,
        1.5448474779999999,
        1.5245797460000001,
        1.533754376,
        1.538021385,
        1.510676373,
        1.523281597,
        1.515165039,
        1.512456338,
        1.495864231,
        1.502918281,
        1.5105743440000001,
        1.537461252
      ],
      "exit_codes": [
        0,
        0,
        0,
        0,
        0,
        0,
        0,
        0,
        0,
        0,
        0,
        0,
        0,
        0,
        0,
        0,
        0,
        0,
        0,
        0,
        0,
        0,
        0,
        0,
        0,
        0,
        0,
        0,
        0,
        0,
        0,
        0,
        0,
        0,
        0,
        0,
        0,
        0,
        0,
        0,
        0,
        0,
        0,
        0,
        0,
        0,
        0,
        0,
        0,
        0
      ]
    },
    {
      "command": "python-httpx",
      "mean": 0.07405459405999999,
      "stddev": 0.0015093106254130569,
      "median": 0.07368366600000001,
      "user": 0.060061180000000006,
      "system": 0.013790760000000003,
      "min": 0.071840574,
      "max": 0.07951482900000001,
      "times": [
        0.074678004,
        0.073477203,
        0.07525224900000001,
        0.076456388,
        0.076357386,
        0.073534125,
        0.073503996,
        0.073399958,
        0.074536222,
        0.07596188200000001,
        0.07360894600000001,
        0.07479524700000001,
        0.072981236,
        0.07375838600000001,
        0.074650436,
        0.07562737600000001,
        0.074177741,
        0.076050668,
        0.073767913,
        0.07255228700000001,
        0.07501300400000001,
        0.073987564,
        0.073452272,
        0.075259727,
        0.074105554,
        0.07268521700000001,
        0.071840574,
        0.07192491200000001,
        0.073917694,
        0.073103157,
        0.072199266,
        0.076614444,
        0.074229768,
        0.073593637,
        0.077259824,
        0.07951482900000001,
        0.07309243800000001,
        0.07296106200000001,
        0.07495890000000001,
        0.073190842,
        0.074142344,
        0.072818375,
        0.07268248100000001,
        0.072328952,
        0.073157597,
        0.072598233,
        0.073030853,
        0.07396809800000001,
        0.072387272,
        0.073583164
      ],