{
  "results": [
    {
      "command": "go-http-client",
      "mean": 0.7764881314800001,
      "stddev": 0.007949387093664467,
      "median": 0.7747617155000001,
      "user": 0.2625051,
      "system": 0.3253132199999998,
      "min": 0.763322092,
      "max": 0.802667702,
      "times": [
        0.791512952,
        0.785049349,
        0.775438195,
        0.7779134790000001,
        0.785299128,
        0.7704736350000001,
        0.7697746320000001,
        0.774731185,
        0.7697874090000001,
        0.7774612590000001,
        0.785775552,
        0.785990551,
        0.7956988620000001,
        0.7744566190000001,
        0.7877379440000001,
        0.7712709400000001,
        0.7724919950000001,
        0.780828366,
        0.7796848390000001,
        0.7689472260000001,
        0.775159122,
        0.774467891,
        0.779212754,
        0.7785479080000001,
        0.772817301,
        0.763322092,
        0.7707062450000001,
        0.7661365290000001,
        0.7690676270000001,
        0.777910204,
        0.787650658,
        0.802667702,
        0.772008833,
        0.786703971,
        0.7715060840000001,
        0.7639690210000001,
        0.767614981,
        0.772943755,
        0.774222861,
        0.776480484,
        0.7759391560000001,
        0.769959924,
        0.780506539,
        0.776647878,
        0.7747922460000001,
        0.7696209300000001,
        0.775818314,
        0.772922379,
        0.774684703,
        0.770074365
      ],
      "exit_codes": [
        0,
        0,
        0,
        0,
        0,
        0,
        0,
        0,
        0,
        0,
        0,
        0,
        0,
        0,
        0,
        0,
        0,
        0,
        0,
        0,
        0,
        0,
        0,
        0,
        0,
        0,
        0,
        0,
        0,
        0,
        0,
        0,
        0,
        0,
        0,
        0,
        0,
        0,
        0,
        0,
        0,
        0,
        0,
        0,
        0,
        0,
        0,
        0,
        0,
        0
      ]
    },
    {
      "command": "python-requests",
      "mean": 3.4760094719,
      "stddev": 0.0311499384589401,
      "median": 3.475571475,
      "user": 2.98194328,
      "system": 0.18333797999999996,
      "min": 3.407410779,
      "max": 3.547948944,
      "times": [
        3.475082855,
        3.456891251,
        3.472634947,
        3.501449527,
        3.462023978,
        3.407410779,
        3.486255165,
        3.491996269,
        3.517812568,
        3.451100223,
        3.449831367,
        3.4469048410000003,
        3.453761505,
        3.514971494,
        3.487558117,
        3.438609483,
        3.486970784,
        3.476697077,
        3.497341211,
        3.504747406,
        3.46353318,
        3.428302237,
        3.463522449,
        3.484818301,
        3.407974082,
        3.455297399,
        3.469859151,
        3.468806567,
        3.428347643,
        3.444799702,
        3.468099771,
        3.481362728,
        3.480458396,
        3.463367865,
        3.4760600950000002,
        3.487790656,
        3.438581922,
        3.519503031,
        3.547948944,
        3.533292334,
        3.494322734,
        3.445378627,
        3.52806198,
        3.484011483,
        3.468002863,
        3.510228999,
        3.505427903,
        3.458550944,
        3.5270660730000003,
        3.487644689
      ],
      "exit_codes": [
        0,
        0,
        0,
        0,
        0,
        0,
        0,
        0,
        0,
        0,
        0,
        0,
        0,
        0,
        0,
        0,
        0,
        0,
        0,
        0,
        0,
        0,
        0,
        0,
        0,
        0,
        0,
        0,
        0,
        0,
        0,
        0,
        0,
        0,
        0,
        0,
        0,
        0,
        0,
        0,
        0,
        0,
        0,
        0,
        0,
        0,
        0,
        0,
        0,
        0
      ]
    },
    {
      "command": "python-httpx",
      "mean": 0.07102715722,
      "stddev": 0.0011455519973440883,
      "median": 0.0707740465,
      "user": 0.05793234,
      "system": 0.012916399999999996,
      "min": 0.06896469200000001,
      "max": 0.074262387,
      "times": [
        0.070903857,
        0.070223485,
        0.070349481,
        0.069720104,
        0.06896469200000001,
        0.07008332,
        0.07154829700000001,
        0.07311640200000001,
        0.07148945100000001,
        0.071527622,
        0.071132755,
        0.07014656000000001,
        0.070907119,
        0.070079137,
        0.070628788,
        0.073561269,
        0.073265125,
        0.07233085,
        0.07236819300000001,
        0.07169650200000001,
        0.070836884,
        0.074262387,
        0.073448474,
        0.072354913,
        0.072667101,
        0.070883101,
        0.07025666900000001,
        0.071018173,
        0.071400037,
        0.070109935,
        0.07042614600000001,
        0.071213829,
        0.07118653800000001,
        0.071557074,
        0.071145397,
        0.06919358,
        0.070269491,
        0.070094556,
        0.070613356,
        0.070128492,
        0.070505886,
        0.07019441300000001,
        0.069926256,
        0.06988933900000001,
        0.070306222,
        0.070173714,
        0.07071120900000001,
        0.07068065200000001,
        0.07068431900000001,
        0.071176709
      ],
      "exit_codes": [
        1,
        1,
        1,
        1,
        1,
        1,
        1,
        1,
        1,
        1,
        1,
        1,
        1,
        1,
        1,
        1,
        1,
        1,
        1,
        1,
        1,
        1,
        1,
        1,
        1,
        1,
        1,
        1,
        1,
        1,
        1,
        1,
        1,
        1,
        1,
        1,
        1,
        1,
        1,
        1,
        1,
        1,
        1,
        1,
        1,
        1,
        1,
        1,
        1,
        1
      ]
    },
    {
      "command": "rust-reqwest",
      "mean": 0.61058159022,
      "stddev": 0.016646231663999644,
      "median": 0.6062439935,
      "user": 0.11323500000000003,
      "system": 0.12508512,
      "min": 0.582941622,
      "max": 0.6447802140000001,
      "times": [
        0.59101393,
        0.6358448170000001,
        0.582941622,
        0.597959184,
        0.5954275250000001,
        0.605432458,
        0.593627648,
        0.606278419,
        0.5997288190000001,
        0.606209568,
        0.614527041,
        0.600731637,
        0.5948675210000001,
        0.624996707,
        0.6447802140000001,
        0.6118220990000001,
        0.6156748040000001,
        0.6309190100000001,
        0.629540832,
        0.631976231,
        0.604837857,
        0.5852844,
        0.6206317,
        0.597149272,
        0.6388094160000001,
        0.5881457330000001,
        0.6054889520000001,
        0.595266963,
        0.592267113,
        0.601196558,
        0.603236709,
        0.617478461,
        0.6338142870000001,
        0.635837559,
        0.6225862750000001,
        0.58841334,
        0.583919254,
        0.596203382,
        0.615500971,
        0.608821929,
        0.6271297840000001,
        0.615925538,
        0.620159301,
        0.6193646340000001,
        0.624577429,
        0.640338724,
        0.628563816,
        0.599632888,
        0.601298557,
        0.6028986230000001
      ],