{
  "results": [
    {
      "command": "go-http-client",
      "mean": 0.7515607660400002,
      "stddev": 0.005965634060447794,
      "median": 0.7520411010000001,
      "user": 0.27031052,
      "system": 0.30961819999999995,
      "min": 0.737231402,
      "max": 0.766253921,
      "times": [
        0.749972784,
        0.7502896450000001,
        0.755844308,
        0.754497686,
        0.7544481540000001,
        0.760135848,
        0.743437109,
        0.7419987690000001,
        0.743766824,
        0.760754613,
        0.7475848890000001,
        0.7478472890000001,
        0.7467142160000001,
        0.752754248,
        0.7528081040000001,
        0.743965434,
        0.757889231,
        0.7536338450000001,
        0.755055911,
        0.7510963310000001,
        0.751879211,
        0.752693322,
        0.756378976,
        0.7543480730000001,
        0.7516722490000001,
        0.750148213,
        0.7503226740000001,
        0.7522029910000001,
        0.753123253,
        0.7463986220000001,
        0.7576093460000001,
        0.758706859,
        0.7536301630000001,
        0.752805919,
        0.7474853260000001,
        0.747316034,
        0.749993879,
        0.751095916,
        0.749215214,
        0.7534723360000001,
        0.7471571020000001,
        0.752685315,
        0.762845545,
        0.766253921,
        0.740097691,
        0.744908878,
        0.737231402,
        0.742703658,
        0.759990143,
        0.7591708330000001
      ],
      "exit_codes": [
        0,
        0,
        0,
        0,
        0,
        0,
        0,
        0,
        0,
        0,
        0,
        0,
        0,
        0,
        0,
        0,
        0,
        0,
        0,
        0,
        0,
        0,
        0,
        0,
        0,
        0,
        0,
        0,
        0,
        0,
        0,
        0,
        0,
        0,
        0,
        0,
        0,
        0,
        0,
        0,
        0,
        0,
        0,
        0,
        0,
        0,
        0,
        0,
        0,
        0
      ]
    },
    {
      "command": "dotnet-http-client",
      "mean": 0.9801918535399997,
      "stddev": 0.011108914863629835,
      "median": 0.9781699,
      "user": 1.15146626,
      "system": 0.7025149599999999,
      "min": 0.9579759720000001,
      "max": 1.007055788,
      "times": [
        0.9826435640000001,
        0.9752660120000001,
        0.995090667,
        0.9663721070000001,
        1.001282357,
        0.97343833,
        0.994002264,
        0.990054332,
        0.978217709,
        0.9772263480000001,
        0.9884900860000001,
        0.9726626760000001,
        0.99086932,
        0.9749562900000001,
        0.9845667830000001,
        0.978122091,
        0.973114757,
        0.9916175720000001,
        0.9588749950000001,
        0.980212661,
        0.993862973,
        1.007055788,
        0.973919901,
        0.973320968,
        0.9579759720000001,
        0.9933676770000001,
        0.9874106640000001,
        0.965077394,
        0.9719907210000001,
        0.975899029,
        0.973054908,
        0.9853051490000001,
        0.9667041550000001,
        0.9897167080000001,
        0.9753587920000001,
        0.9663516980000001,
        0.992530498,
        0.9797869,
        0.9779765490000001,
        0.9815273630000001,
        0.9642803700000001,
        0.9683973370000001,
        0.9784004430000001,
        0.9877047250000001,
        0.9914486730000001,
        0.9758313340000001,
        0.9861749190000001,
        0.9747265850000001,
        0.9986326160000001,
        0.9687209470000001
      ],
      "exit_codes": [
        0,
        0,
        0,
        0,
        0,
        0,
        0,
        0,
        0,
        0,
        0,
        0,
        0,
        0,
        0,
        0,
        0,
        0,
        0,
        0,
        0,
        0,
        0,
        0,
        0,
        0,
        0,
        0,
        0,
        0,
        0,
        0,
        0,
        0,
        0,
        0,
        0,
        0,
        0,
        0,
        0,
        0,
        0,
        0,
        0,
        0,
        0,
        0,
        0,
        0
      ]
    },
    {
      "command": "python-requests",
      "mean": 3.1403605195,
      "stddev": 0.016832830171437784,
      "median": 3.1403537365,
      "user": 2.6677374400000002,
      "system": 0.18727188000000006,
      "min": 3.108469104,
      "max": 3.177676122,
      "times": [
        3.13637464,
        3.12757774,
        3.153268548,
        3.144919489,
        3.129841563,
        3.155667128,
        3.153784097,
        3.155087138,
        3.118926335,
        3.146064245,
        3.1301749819999998,
        3.123311628,
        3.157567694,
        3.150258123,
        3.153229887,
        3.122289251,
        3.120278934,
        3.131020559,
        3.137333933,
        3.127294326,
        3.177676122,
        3.143643879,
        3.14869855,
        3.156110225,
        3.121383674,
        3.149273159,
        3.108469104,
        3.136785428,
        3.140019459,
        3.119461038,
        3.165173945,
        3.126304144,
        3.137173378,
        3.168553606,
        3.113145868,
        3.176195098,
        3.126795583,
        3.149561845,
        3.159027961,
        3.121220576,
        3.140889056,
        3.139963337,
        3.114346558,
        3.124923597,
        3.150680107,
        3.145181033,
        3.141037392,
        3.140688014,
        3.170929202,
        3.130444797
      ],
      "exit_codes": [
        0,
        0,
        0,
        0,
        0,
        0,
        0,
        0,
        0,
        0,
        0,
        0,
        0,
        0,
        0,
        0,
        0,
        0,
        0,
        0,
        0,
        0,
        0,
        0,
        0,
        0,
        0,
        0,
        0,
        0,
        0,
        0,
        0,
        0,
        0,
        0,
        0,
        0,
        0,
        0,
        0,
        0,
        0,
        0,
        0,
        0,
        0,
        0,
        0,
        0
      ]
    },
    {
      "command": "python-httpx",
      "mean": 0.0967303946,
      "stddev": 0.001058719039723274,
      "median": 0.096402141,
      "user": 0.08059248000000002,
      "system": 0.015934679999999996,
      "min": 0.095290646,
      "max": 0.099920169,
      "times": [
        0.09631408000000001,
        0.099920169,
        0.098676628,
        0.09840420600000001,
        0.097181219,
        0.096278898,
        0.097029507,
        0.09691811900000001,
        0.09642337100000001,
        0.096729678,
        0.096248371,
        0.095757215,
        0.096238792,
        0.09676264000000001,
        0.099687101,
        0.096044902,
        0.095949513,
        0.095290646,
        0.09536557500000001,
        0.096040994,
        0.09770020700000001,
        0.09631602700000001,
        0.097087906,
        0.09615514700000001,
        0.095711289,
        0.097296171,
        0.09772022400000001,
        0.095950806,
        0.095841672,
        0.09602215900000001,
        0.096876822,
        0.096589747,
        0.096458372,
        0.095573636,
        0.096474402,
        0.096001,
        0.096882018,
        0.09757127600000001,
        0.09893196400000001,
        0.09830053700000001,
        0.096380911,
        0.095752376,
        0.09586731000000001,
        0.096681338,
        0.095862682,
        0.096334471,
        0.09594316200000001,
        0.097933749,
        0.097195506,
        0.09584521900000001
      ],