{
  "results": [
    {
      "command": "go-http-client",
      "mean": 0.7796339365599999,
      "stddev": 0.005595680379913615,
      "median": 0.781032589,
      "user": 0.28355432,
      "system": 0.32588598,
      "min": 0.764312897,
      "max": 0.788636101,
      "times": [
        0.777507613,
        0.785471125,
        0.7768894000000001,
        0.7878920810000001,
        0.782918958,
        0.774928468,
        0.788352986,
        0.7772903210000001,
        0.785227191,
        0.78212214,
        0.788636101,
        0.7885537450000001,
        0.786858311,
        0.779565076,
        0.777446414,
        0.7815726150000001,
        0.780438646,
        0.7817054640000001,
        0.773942526,
        0.7813032280000001,
        0.7797543960000001,
        0.7805257670000001,
        0.7815514490000001,
        0.7702642940000001,
        0.771130701,
        0.7751539930000001,
        0.7818439970000001,
        0.77700325,
        0.764312897,
        0.7695267050000001,
        0.7736078820000001,
        0.773939459,
        0.77147261,
        0.7697824510000001,
        0.781685756,
        0.782250933,
        0.781102307,
        0.782524451,
        0.775565236,
        0.786272582,
        0.7785063510000001,
        0.7823549700000001,
        0.782210213,
        0.785558697,
        0.785792437,
        0.774714244,
        0.783167147,
        0.776329777,
        0.7842065960000001,
        0.7809628710000001
      ],
      "exit_codes": [
        0,
        0,
        0,
        0,
        0,
        0,
        0,
        0,
        0,
        0,
        0,
        0,
        0,
        0,
        0,
        0,
        0,
        0,
        0,
        0,
        0,
        0,
        0,
        0,
        0,
        0,
        0,
        0,
        0,
        0,
        0,
        0,
        0,
        0,
        0,
        0,
        0,
        0,
        0,
        0,
        0,
        0,
        0,
        0,
        0,
        0,
        0,
        0,
        0,
        0
      ]
    },
    {
      "command": "dotnet-http-client",
      "mean": 1.0113883332400002,
      "stddev": 0.013762121350601153,
      "median": 1.012585456,
      "user": 1.1837602799999996,
      "system": 0.7387155599999999,
      "min": 0.9797703320000001,
      "max": 1.038821632,
      "times": [
        1.033002486,
        1.012942888,
        1.015203278,
        1.010418244,
        1.016804175,
        1.022341563,
        0.992527632,
        1.025424647,
        1.018781702,
        1.004684103,
        1.012228024,
        1.022259407,
        1.033832361,
        1.022740677,
        1.029217995,
        1.003044177,
        0.9797703320000001,
        1.018124125,
        1.021110764,
        1.00843704,
        0.9933893990000001,
        0.9964209230000001,
        1.001178148,
        0.9943551580000001,
        0.986180708,
        0.9935859130000001,
        1.004161513,
        0.996455948,
        1.018978606,
        1.011718411,
        0.993965293,
        0.995711479,
        1.013930006,
        1.022864941,
        1.019910658,
        1.019344762,
        1.021812647,
        1.007888846,
        1.002961254,
        1.013836185,
        1.03345538,
        1.034409916,
        1.009378346,
        1.038821632,
        1.021388162,
        0.99273069,
        1.016902881,
        1.002047092,
        1.00125077,
        1.007485375
      ],
      "exit_codes": [
        0,
        0,
        0,
        0,
        0,
        0,
        0,
        0,
        0,
        0,
        0,
        0,
        0,
        0,
        0,
        0,
        0,
        0,
        0,
        0,
        0,
        0,
        0,
        0,
        0,
        0,
        0,
        0,
        0,
        0,
        0,
        0,
        0,
        0,
        0,
        0,
        0,
        0,
        0,
        0,
        0,
        0,
        0,
        0,
        0,
        0,
        0,
        0,
        0,
        0
      ]
    },
    {
      "command": "python-requests",
      "mean": 3.201443669320001,
      "stddev": 0.02724026292601795,
      "median": 3.1958292659999996,
      "user": 2.7283045799999983,
      "system": 0.17974626000000002,
      "min": 3.158222119,
      "max": 3.288787017,
      "times": [
        3.173533573,
        3.196021755,
        3.1879986750000002,
        3.193655477,
        3.23540098,
        3.198829731,
        3.284886547,
        3.181001124,
        3.201109828,
        3.207809572,
        3.183571783,
        3.20149742,
        3.158222119,
        3.2064043,
        3.183274631,
        3.175002477,
        3.193898365,
        3.214054233,
        3.182873752,
        3.222340509,
        3.233008796,
        3.22469146,
        3.223723322,
        3.209424978,
        3.212721878,
        3.17520397,
        3.273012109,
        3.167477464,
        3.220316526,
        3.182350291,
        3.179902971,
        3.187008376,
        3.1914066,
        3.196747782,
        3.176593692,
        3.181827016,
        3.288787017,
        3.192023444,
        3.195636777,
        3.216941195,
        3.1911672380000002,
        3.225479828,
        3.184505427,
        3.211348098,
        3.186747334,
        3.186053211,
        3.203259599,
        3.196888518,
        3.2094763840000002,
        3.1670653140000002
      ],
      "exit_codes": [
        0,
        0,
        0,
        0,
        0,
        0,
        0,
        0,
        0,
        0,
        0,
        0,
        0,
        0,
        0,
        0,
        0,
        0,
        0,
        0,
        0,
        0,
        0,
        0,
        0,
        0,
        0,
        0,
        0,
        0,
        0,
        0,
        0,
        0,
        0,
        0,
        0,
        0,
        0,
        0,
        0,
        0,
        0,
        0,
        0,
        0,
        0,
        0,
        0,
        0
      ]
    },
    {
      "command": "python-httpx",
      "mean": 0.09819611031999999,
      "stddev": 0.0012665025041732527,
      "median": 0.0978104565,
      "user": 0.08192347999999995,
      "system": 0.01605842,
      "min": 0.096427967,
      "max": 0.103598254,
      "times": [
        0.09777827600000001,
        0.09921581500000001,
        0.097326652,
        0.10065447000000001,
        0.09835992,
        0.100524478,
        0.099995834,
        0.09754923900000001,
        0.097953973,
        0.097565098,
        0.097547014,
        0.09900747600000001,
        0.098034535,
        0.097987666,
        0.09778392400000001,
        0.09854738,
        0.097282029,
        0.103598254,
        0.09674046700000001,
        0.096427967,
        0.097311875,
        0.098599979,
        0.096997701,
        0.097865117,
        0.099589592,
        0.09897618100000001,
        0.09767789800000001,
        0.09780527800000001,
        0.09707001500000001,
        0.09684819,
        0.098192185,
        0.09771590200000001,
        0.09875112000000001,
        0.098641326,
        0.09855885900000001,
        0.099705924,
        0.09781563500000001,
        0.09722352100000001,
        0.09743754900000001,
        0.09952299,
        0.09773176800000001,
        0.09750331200000001,
        0.096937755,
        0.098054342,
        0.098298696,
        0.097697084,
        0.09991955000000001,
        0.09769532800000001,
        0.096922909,
        0.096857468
      ],