{
  "results": [
    {
      "command": "go-http-client",
      "mean": 0.09684288072000002,
      "stddev": 0.0032097643771708973,
      "median": 0.0977076295,
      "user": 0.04210651999999999,
      "system": 0.06296457000000007,
      "min": 0.089992153,
      "max": 0.104229125,
      "times": [
        0.091366395,
        0.09794569,
        0.09763795400000001,
        0.09300003400000001,
        0.09488792800000001,
        0.101444872,
        0.09331581500000001,
        0.097810015,
        0.101481414,
        0.10066799300000001,
        0.09733295,
        0.09389014000000001,
        0.097678305,
        0.09689562,
        0.09342990500000001,
        0.100283861,
        0.098766934,
        0.09399130500000001,
        0.094490559,
        0.09711241500000001,
        0.09432140500000001,
        0.09439509,
        0.100346399,
        0.090408733,
        0.093200245,
        0.094354455,
        0.098755441,
        0.09460148700000001,
        0.098592887,
        0.09995479600000001,
        0.09955425500000001,
        0.098620017,
        0.097736954,
        0.09833905300000001,
        0.09964287000000001,
        0.093059032,
        0.099236851,
        0.100298831,
        0.09464094,
        0.10070479900000001,
        0.089992153,
        0.095467878,
        0.09835658400000001,
        0.100931726,
        0.099440974,
        0.099619077,
        0.09985793400000001,
        0.09245771600000001,
        0.09534975700000001,
        0.092889683,
        0.096633061,
        0.09432567,
        0.09422863000000001,
        0.09888593600000001,
        0.09780907000000001,
        0.098697381,
        0.093437251,
        0.09468987100000001,
        0.09995780100000001,
        0.09809949400000001,
        0.10233054200000001,
        0.10222521400000001,
        0.09705266600000001,
        0.092035955,
        0.09805859700000001,
        0.09535338500000001,
        0.098066812,
        0.09794401300000001,
        0.104229125,
        0.10001649200000001,
        0.092962239,
        0.09288051900000001,
        0.099547251,
        0.098003876,
        0.09724405100000001,
        0.09214391000000001,
        0.09335204700000001,
        0.09037544,
        0.093311472,
        0.09969122400000001,
        0.093559949,
        0.094385933,
        0.10140378800000001,
        0.095753665,
        0.09240967600000001,
        0.093380973,
        0.09680933900000001,
        0.09204688700000001,
        0.10071339400000001,
        0.09814499900000001,
        0.100059351,
        0.09871692900000001,
        0.09943465300000001,
        0.10011510500000001,
        0.095062173,
        0.10004305200000001,
        0.09912048400000001,
        0.09177943300000001,
        0.099430234,
        0.099770934
      ],
      "exit_codes": [
        0,
        0,
        0,
        0,
        0,
        0,
        0,
        0,
        0,
        0,
        0,
        0,
        0,
        0,
        0,
        0,
        0,
        0,
        0,
        0,
        0,
        0,
        0,
        0,
        0,
        0,
        0,
        0,
        0,
        0,
        0,
        0,
        0,
        0,
        0,
        0,
        0,
        0,
        0,
        0,
        0,
        0,
        0,
        0,
        0,
        0,
        0,
        0,
        0,
        0,
        0,
        0,
        0,
        0,
        0,
        0,
        0,
        0,
        0,
        0,
        0,
        0,
        0,
        0,
        0,
        0,
        0,
        0,
        0,
        0,
        0,
        0,
        0,
        0,
        0,
        0,
        0,
        0,
        0,
        0,
        0,
        0,
        0,
        0,
        0,
        0,
        0,
        0,
        0,
        0,
        0,
        0,
        0,
        0,
        0,
        0,
        0,
        0,
        0,
        0
      ]
    },
    {
      "command": "python-requests",
      "mean": 0.6678806058100002,
      "stddev": 0.02273005174355619,
      "median": 0.664143342,
      "user": 0.6139279000000003,
      "system": 0.04803272999999999,
      "min": 0.630870836,
      "max": 0.718296275,
      "times": [
        0.658310512,
        0.642950456,
        0.653916108,
        0.7052783490000001,
        0.659777303,
        0.671732073,
        0.702547698,
        0.65693418,
        0.678602947,
        0.690607925,
        0.638963464,
        0.651718075,
        0.654989327,
        0.657018438,
        0.6458194650000001,
        0.6974201080000001,
        0.642046603,
        0.654293784,
        0.643397681,
        0.694315117,
        0.706083503,
        0.645863005,
        0.663261899,
        0.687811014,
        0.693904107,
        0.64459299,
        0.718296275,
        0.644918796,
        0.6836679880000001,
        0.6624300310000001,
        0.64586177,
        0.695630225,
        0.644410255,
        0.644847984,
        0.6485595700000001,
        0.672596987,
        0.6498140570000001,
        0.696163536,
        0.67605296,
        0.704481035,
        0.645029829,
        0.648294186,
        0.636290533,
        0.6664995100000001,
        0.666431623,
        0.6972077510000001,
        0.656487601,
        0.6584187260000001,
        0.683621013,
        0.696883463,
        0.660051283,
        0.641810765,
        0.651034291,
        0.6464915920000001,
        0.6671979330000001,
        0.7066362220000001,
        0.704206145,
        0.7070447860000001,
        0.679752864,
        0.646015631,
        0.665867654,
        0.6579396230000001,
        0.646138157,
        0.67299945,
        0.701124386,
        0.7166902350000001,
        0.7107597120000001,
        0.638610183,
        0.641197286,
        0.682876966,
        0.647451634,
        0.6513788220000001,
        0.638669444,
        0.6650247850000001,
        0.671560456,
        0.702095417,
        0.659547357,
        0.64685524,
        0.642878936,
        0.669335197,
        0.674239196,
        0.630870836,
        0.671090933,
        0.676205336,
        0.695962131,
        0.665960518,
        0.6822302560000001,
        0.6723801100000001,
        0.6416831580000001,
        0.64189326,
        0.6672979410000001,
        0.657276127,
        0.682902521,
        0.6575555700000001,
        0.6707601000000001,
        0.6579643850000001,
        0.6452087940000001,
        0.6809825970000001,
        0.717381092,
        0.6739214330000001
      ],
      "exit_codes": [
        0,
        0,
        0,
        0,
        0,
        0,
        0,
        0,
        0,
        0,
        0,
        0,
        0,
        0,
        0,
        0,
        0,
        0,
        0,
        0,
        0,
        0,
        0,
        0,
        0,
        0,
        0,
        0,
        0,
        0,
        0,
        0,
        0,
        0,
        0,
        0,
        0,
        0,
        0,
        0,
        0,
        0,
        0,
        0,
        0,
        0,
        0,
        0,
        0,
        0,
        0,
        0,
        0,
        0,
        0,
        0,
        0,
        0,
        0,
        0,
        0,
        0,
        0,
        0,
        0,
        0,
        0,
        0,
        0,
        0,
        0,
        0,
        0,
        0,
        0,
        0,
        0,
        0,
        0,
        0,
        0,
        0,
        0,
        0,
        0,
        0,
        0,
        0,
        0,
        0,
        0,
        0,
        0,
        0,
        0,
        0,
        0,
        0,
        0,
        0
      ]
    },
    {
      "command": "rust-ureq",
      "mean": 0.05299167308,
      "stddev": 0.004606376527592936,
      "median": 0.051372482500000004,
      "user": 0.00960436,
      "system": 0.021798680000000004,
      "min": 0.046799159,
      "max": 0.06429008,