{
  "results": [
    {
      "command": "go-http-client",
      "mean": 0.004710392229999998,
      "stddev": 0.0001007871027583456,
      "median": 0.0047006655,
      "user": 0.0007740499999999999,
      "system": 0.0019254699999999997,
      "min": 0.004505824,
      "max": 0.0050376710000000005,
      "times": [
        0.0047363660000000005,
        0.004739257,
        0.004776143,
        0.004776885000000001,
        0.004882082,
        0.004732893,
        0.0047320980000000006,
        0.0047930690000000005,
        0.004668773,
        0.004736389000000001,
        0.0045474520000000004,
        0.004618431,
        0.004709929000000001,
        0.004703003,
        0.004657631000000001,
        0.004586662,
        0.004591277,
        0.00462641,
        0.0046027180000000004,
        0.004535194,
        0.004594480000000001,
        0.004619112,
        0.0046988080000000005,
        0.004687407,
        0.004689938,
        0.004674445,
        0.004672659,
        0.004830242,
        0.004657424,
        0.0045979390000000005,
        0.004684262000000001,
        0.004634287,
        0.00470485,
        0.004691972,
        0.004706523000000001,
        0.004690022,
        0.004748284,
        0.004749223,
        0.004855913,
        0.0049007470000000004,
        0.0047534380000000005,
        0.0048677550000000005,
        0.004650327,
        0.004771628,
        0.004667096,
        0.0046712,
        0.004738249,
        0.004617236,
        0.004780315,
        0.004632474,
        0.0046007750000000005,
        0.0045833390000000005,
        0.004649629000000001,
        0.004647643,
        0.004743993,
        0.004716582,
        0.004614888,
        0.004631242000000001,
        0.004743422000000001,
        0.0046716380000000005,
        0.004761967000000001,
        0.004664978,
        0.004850293,
        0.004789338000000001,
        0.004831827,
        0.004840785,
        0.004957093,
        0.004885188,
        0.004856394,
        0.0050376710000000005,
        0.004866302,
        0.0047809720000000005,
        0.0048448250000000005,
        0.00480251,
        0.004911337,
        0.004720903,
        0.0048250720000000006,
        0.004620895,
        0.004735123,
        0.004712634,
        0.004658072,
        0.004636241,
        0.0046564630000000004,
        0.004635457,
        0.004727084,
        0.004542385,
        0.004562142,
        0.004505824,
        0.0045594500000000005,
        0.004698825,
        0.004651112000000001,
        0.004702506,
        0.004679382,
        0.0047296460000000005,
        0.004652962,
        0.004629609000000001,
        0.004529588,
        0.004774119,
        0.004814639,
        0.004803542
      ],
      "exit_codes": [
        2,
        2,
        2,
        2,
        2,
        2,
        2,
        2,
        2,
        2,
        2,
        2,
        2,
        2,
        2,
        2,
        2,
        2,
        2,
        2,
        2,
        2,
        2,
        2,
        2,
        2,
        2,
        2,
        2,
        2,
        2,
        2,
        2,
        2,
        2,
        2,
        2,
        2,
        2,
        2,
        2,
        2,
        2,
        2,
        2,
        2,
        2,
        2,
        2,
        2,
        2,
        2,
        2,
        2,
        2,
        2,
        2,
        2,
        2,
        2,
        2,
        2,
        2,
        2,
        2,
        2,
        2,
        2,
        2,
        2,
        2,
        2,
        2,
        2,
        2,
        2,
        2,
        2,
        2,
        2,
        2,
        2,
        2,
        2,
        2,
        2,
        2,
        2,
        2,
        2,
        2,
        2,
        2,
        2,
        2,
        2,
        2,
        2,
        2,
        2
      ]
    },
    {
      "command": "python-requests",
      "mean": 0.014855711299999998,
      "stddev": 0.0004215161656274914,
      "median": 0.014715636,
      "user": 0.010829420000000005,
      "system": 0.003899879999999999,
      "min": 0.014216156,
      "max": 0.016195901000000002,
      "times": [
        0.015260898,
        0.014979821,
        0.014691881,
        0.01460029,
        0.014604748,
        0.014278487000000001,
        0.014216156,
        0.014373364000000001,
        0.014476107,
        0.014353929000000001,
        0.014843817,
        0.01573463,
        0.015992085,
        0.015478940000000002,
        0.015400056,
        0.015180039000000001,
        0.015196908,
        0.015287335,
        0.015266519000000001,
        0.015368933000000001,
        0.015612097,
        0.015766295,
        0.015435425000000001,
        0.015042849,
        0.014894742,
        0.014711258000000001,
        0.014629094,
        0.014573279000000001,
        0.014578990000000002,
        0.014643981,
        0.015042937000000001,
        0.015830516,
        0.01502759,
        0.015082283,
        0.014783473,
        0.015649486,
        0.015304921,
        0.015053253,
        0.015164194,
        0.015097933000000001,
        0.015148167,
        0.01569908,
        0.015079518,
        0.014806186,
        0.014720014000000002,
        0.014827526,
        0.01458383,
        0.016195901000000002,
        0.015025167,
        0.014806920000000001,
        0.014351564,
        0.014362424,
        0.014475316,
        0.014522785000000002,
        0.014355501000000001,
        0.014389285000000002,
        0.014515261000000002,
        0.014450288,
        0.014484784,
        0.014903428000000002,
        0.014791235000000002,
        0.014672044,
        0.01531854,
        0.015566277000000002,
        0.014980265000000001,
        0.014990161,
        0.014889298,
        0.014694737000000001,
        0.014549715000000001,
        0.014529146000000001,
        0.014583568000000002,
        0.014942432,
        0.014815604000000001,
        0.014695588,
        0.014597375000000001,
        0.014657538000000001,
        0.014582827000000001,
        0.014413200000000001,
        0.014535840000000001,
        0.014454787,
        0.015115546,
        0.014709755000000001,
        0.014439459000000002,
        0.014645555000000001,
        0.014848174,
        0.014676933000000001,
        0.014632230000000001,
        0.014540261,
        0.014531711000000001,
        0.014695839,
        0.014593678,
        0.014486917,
        0.014443436,
        0.01431771,
        0.015375353000000001,
        0.014773234000000001,
        0.014805544,
        0.014531421000000001,
        0.014530719000000001,
        0.014404994
      ],
      "exit_codes": [
        2,
        2,
        2,
        2,
        2,
        2,
        2,
        2,
        2,
        2,
        2,
        2,
        2,
        2,
        2,
        2,
        2,
        2,
        2,
        2,
        2,
        2,
        2,
        2,
        2,
        2,
        2,
        2,
        2,
        2,
        2,
        2,
        2,
        2,
        2,
        2,
        2,
        2,
        2,
        2,
        2,
        2,
        2,
        2,
        2,
        2,
        2,
        2,
        2,
        2,
        2,
        2,
        2,
        2,
        2,
        2,
        2,
        2,
        2,
        2,
        2,
        2,
        2,
        2,
        2,
        2,
        2,
        2,
        2,
        2,
        2,
        2,
        2,
        2,
        2,
        2,
        2,
        2,
        2,
        2,
        2,
        2,
        2,
        2,
        2,
        2,
        2,
        2,
        2,
        2,
        2,
        2,
        2,
        2,
        2,
        2,
        2,
        2,
        2,
        2
      ]
    },
    {
      "command": "python-urllib3",
      "mean": 0.4011226599999999,
      "stddev": 0.005648938476933777,
      "median": 0.40152662950000007,
      "user": 0.3026524599999999,