{
  "results": [
    {
      "command": "go-http-client",
      "mean": 0.7800558026199998,
      "stddev": 0.011046007121599805,
      "median": 0.7815042045,
      "user": 0.27064508,
      "system": 0.32336872,
      "min": 0.74710399,
      "max": 0.800872706,
      "times": [
        0.7641369880000001,
        0.7890554240000001,
        0.7739840320000001,
        0.772367405,
        0.77617605,
        0.78597395,
        0.800872706,
        0.7993087910000001,
        0.7888253460000001,
        0.7712723880000001,
        0.7793888210000001,
        0.787191355,
        0.7967748,
        0.7883582410000001,
        0.7701515830000001,
        0.7668729550000001,
        0.7702501860000001,
        0.783443212,
        0.7829444630000001,
        0.782724069,
        0.7881591910000001,
        0.789898757,
        0.7867073800000001,
        0.787570611,
        0.790319595,
        0.7822430530000001,
        0.7753809960000001,
        0.789222638,
        0.788344605,
        0.791926686,
        0.7859024330000001,
        0.780518636,
        0.7778732530000001,
        0.788407339,
        0.782664589,
        0.784303669,
        0.748820001,
        0.74710399,
        0.767651127,
        0.7959193670000001,
        0.7771566120000001,
        0.770395476,
        0.7690965120000001,
        0.769692824,
        0.7767683950000001,
        0.7807653560000001,
        0.77245428,
        0.7771473400000001,
        0.7745143630000001,
        0.7757882920000001
      ],
      "exit_codes": [
        0,
        0,
        0,
        0,
        0,
        0,
        0,
        0,
        0,
        0,
        0,
        0,
        0,
        0,
        0,
        0,
        0,
        0,
        0,
        0,
        0,
        0,
        0,
        0,
        0,
        0,
        0,
        0,
        0,
        0,
        0,
        0,
        0,
        0,
        0,
        0,
        0,
        0,
        0,
        0,
        0,
        0,
        0,
        0,
        0,
        0,
        0,
        0,
        0,
        0
      ]
    },
    {
      "command": "dotnet-http-client",
      "mean": 0.99256183036,
      "stddev": 0.0137956846828488,
      "median": 0.988247603,
      "user": 1.1578629999999999,
      "system": 0.7032772999999999,
      "min": 0.9727713370000001,
      "max": 1.033474065,
      "times": [
        1.02035973,
        0.984654196,
        0.978961269,
        0.9803596290000001,
        0.97586976,
        0.9845864590000001,
        0.9908313380000001,
        0.9949397310000001,
        0.985902602,
        0.9889354870000001,
        0.9875597190000001,
        0.9770314940000001,
        0.9870070470000001,
        0.999024471,
        0.9851645910000001,
        0.9896390220000001,
        0.9837541830000001,
        0.9868514150000001,
        1.033474065,
        1.01518628,
        1.003273148,
        1.009125289,
        0.993860201,
        0.9868149860000001,
        0.9783659870000001,
        1.005620344,
        1.00026624,
        0.9872384390000001,
        0.9811541330000001,
        0.995571838,
        0.9962058260000001,
        1.005117097,
        1.02224393,
        0.9997152300000001,
        0.9727713370000001,
        0.983726811,
        0.990234657,
        0.9864654970000001,
        0.995405041,
        0.991760135,
        0.9738086260000001,
        1.010761649,
        0.974465836,
        0.9782283860000001,
        1.024359336,
        0.98657397,
        0.9848236880000001,
        0.99303618,
        0.9997779210000001,
        0.987227272
      ],
      "exit_codes": [
        0,
        0,
        0,
        0,
        0,
        0,
        0,
        0,
        0,
        0,
        0,
        0,
        0,
        0,
        0,
        0,
        0,
        0,
        0,
        0,
        0,
        0,
        0,
        0,
        0,
        0,
        0,
        0,
        0,
        0,
        0,
        0,
        0,
        0,
        0,
        0,
        0,
        0,
        0,
        0,
        0,
        0,
        0,
        0,
        0,
        0,
        0,
        0,
        0,
        0
      ]
    },
    {
      "command": "python-requests",
      "mean": 3.1944716451,
      "stddev": 0.01615898909418971,
      "median": 3.1942912970000004,
      "user": 2.6959249600000006,
      "system": 0.18791795999999994,
      "min": 3.161247006,
      "max": 3.230051547,
      "times": [
        3.187800443,
        3.214620039,
        3.1855903850000002,
        3.193464369,
        3.174297948,
        3.227615088,
        3.176782672,
        3.181565039,
        3.207010734,
        3.195857213,
        3.183899165,
        3.164871862,
        3.183972051,
        3.197400706,
        3.203937143,
        3.183220917,
        3.196774851,
        3.206132534,
        3.191209174,
        3.200862787,
        3.230051547,
        3.185574215,
        3.194473052,
        3.179971746,
        3.184468834,
        3.169188818,
        3.198321382,
        3.179766233,
        3.17733084,
        3.190410978,
        3.209397764,
        3.178956215,
        3.20451872,
        3.194526476,
        3.218742828,
        3.210948374,
        3.228416707,
        3.201247801,
        3.177017167,
        3.204853704,
        3.19425142,
        3.208883057,
        3.207174608,
        3.194331174,
        3.188859146,
        3.22164699,
        3.174762653,
        3.192938689,
        3.161247006,
        3.204418991
      ],
      "exit_codes": [
        0,
        0,
        0,
        0,
        0,
        0,
        0,
        0,
        0,
        0,
        0,
        0,
        0,
        0,
        0,
        0,
        0,
        0,
        0,
        0,
        0,
        0,
        0,
        0,
        0,
        0,
        0,
        0,
        0,
        0,
        0,
        0,
        0,
        0,
        0,
        0,
        0,
        0,
        0,
        0,
        0,
        0,
        0,
        0,
        0,
        0,
        0,
        0,
        0,
        0
      ]
    },
    {
      "command": "python-httpx",
      "mean": 0.09889953572000003,
      "stddev": 0.0016465412526322065,
      "median": 0.0986473155,
      "user": 0.08307653999999998,
      "system": 0.015608339999999998,
      "min": 0.096825372,
      "max": 0.104237857,
      "times": [
        0.097984291,
        0.098645327,
        0.099148442,
        0.09880641600000001,
        0.09732257700000001,
        0.09716134700000001,
        0.098368151,
        0.099441256,
        0.098597825,
        0.097633725,
        0.099862901,
        0.10174764600000001,
        0.104237857,
        0.09892447600000001,
        0.09890670200000001,
        0.098717972,
        0.098880176,
        0.09799466600000001,
        0.098798672,
        0.097978797,
        0.09896750500000001,
        0.097851089,
        0.096825372,
        0.100126561,
        0.097041394,
        0.09695168600000001,
        0.09864930400000001,
        0.097296638,
        0.101361187,
        0.098586396,
        0.09881105400000001,
        0.09853784600000001,
        0.098595974,
        0.09852920000000001,
        0.09855099,
        0.10141549500000001,
        0.10034474600000001,
        0.098949462,
        0.096998266,
        0.099146408,
        0.097879562,
        0.096942731,
        0.097510646,
        0.09790303600000001,
        0.09892708700000001,
        0.09715314200000001,
        0.09922396200000001,
        0.10311966700000001,
        0.10315329000000001,
        0.100467868
      ],