{
  "results": [
    {
      "command": "go-http-client",
      "mean": 0.004593668160000001,
      "stddev": 0.00011727654142763023,
      "median": 0.004571933,
      "user": 0.00057363,
      "system": 0.0019805399999999985,
      "min": 0.004464929,
      "max": 0.0055645880000000005,
      "times": [
        0.004661241,
        0.004571231,
        0.004612604,
        0.0046178600000000005,
        0.004689204000000001,
        0.004654596,
        0.004615206,
        0.004645161,
        0.004544548000000001,
        0.004594748,
        0.004645214,
        0.004742013000000001,
        0.004543668000000001,
        0.004562465,
        0.004610959,
        0.0046700760000000004,
        0.004562055000000001,
        0.00452225,
        0.00463382,
        0.004647997,
        0.004657149,
        0.004572635,
        0.00455152,
        0.004559953,
        0.004543856000000001,
        0.00462097,
        0.0045518040000000004,
        0.004721182,
        0.004587558,
        0.004533484,
        0.004531331,
        0.004570813,
        0.004581977,
        0.00465265,
        0.004769846,
        0.004596427,
        0.004543353,
        0.004581948000000001,
        0.00459765,
        0.0044944550000000005,
        0.00449514,
        0.004569116000000001,
        0.004751081,
        0.004661379,
        0.0045620800000000005,
        0.004756450000000001,
        0.00458751,
        0.004562738,
        0.004553449,
        0.004581825,
        0.004544724,
        0.004543269,
        0.004585013000000001,
        0.004619460000000001,
        0.004541282000000001,
        0.004655478,
        0.004612919,
        0.0045277450000000006,
        0.004636686,
        0.004522928000000001,
        0.0045594220000000005,
        0.00457597,
        0.004574053000000001,
        0.004565909,
        0.0045471800000000005,
        0.0045052420000000004,
        0.004562669,
        0.00454725,
        0.004567232,
        0.004497624,
        0.004605716,
        0.004755371,
        0.004508673,
        0.0045266840000000004,
        0.004473869,
        0.004613665,
        0.004597553,
        0.00455235,
        0.0045554720000000005,
        0.004551345,
        0.0046328440000000005,
        0.0055645880000000005,
        0.004518679,
        0.004507439,
        0.004593716,
        0.004494537000000001,
        0.004613704000000001,
        0.0045796280000000005,
        0.004486933,
        0.0045755890000000006,
        0.004548496,
        0.004660463,
        0.004491083,
        0.004540466,
        0.004625495,
        0.004464929,
        0.004539556,
        0.004564379,
        0.00459281,
        0.004490484
      ],
      "exit_codes": [
        2,
        2,
        2,
        2,
        2,
        2,
        2,
        2,
        2,
        2,
        2,
        2,
        2,
        2,
        2,
        2,
        2,
        2,
        2,
        2,
        2,
        2,
        2,
        2,
        2,
        2,
        2,
        2,
        2,
        2,
        2,
        2,
        2,
        2,
        2,
        2,
        2,
        2,
        2,
        2,
        2,
        2,
        2,
        2,
        2,
        2,
        2,
        2,
        2,
        2,
        2,
        2,
        2,
        2,
        2,
        2,
        2,
        2,
        2,
        2,
        2,
        2,
        2,
        2,
        2,
        2,
        2,
        2,
        2,
        2,
        2,
        2,
        2,
        2,
        2,
        2,
        2,
        2,
        2,
        2,
        2,
        2,
        2,
        2,
        2,
        2,
        2,
        2,
        2,
        2,
        2,
        2,
        2,
        2,
        2,
        2,
        2,
        2,
        2,
        2
      ]
    },
    {
      "command": "python-requests",
      "mean": 0.014664036679999994,
      "stddev": 0.0003294436265453486,
      "median": 0.014540002,
      "user": 0.010834130000000004,
      "system": 0.0037174599999999993,
      "min": 0.014254036000000001,
      "max": 0.016035345,
      "times": [
        0.015044433000000001,
        0.015104294,
        0.015134072,
        0.015088661000000001,
        0.015074552000000001,
        0.014921812000000001,
        0.014892621000000002,
        0.014897364000000001,
        0.015081862000000001,
        0.014430360000000001,
        0.014362988,
        0.01441799,
        0.014356286000000001,
        0.014278972000000001,
        0.014372847000000001,
        0.014254036000000001,
        0.014395609,
        0.014709712000000002,
        0.014421146000000001,
        0.014412661,
        0.014629082000000002,
        0.01464437,
        0.014656663,
        0.014511694,
        0.014501655,
        0.014557823000000001,
        0.014405246000000002,
        0.014517335000000001,
        0.014430411,
        0.014768971,
        0.014398267000000001,
        0.014541299,
        0.014378036,
        0.014432517,
        0.014296785000000001,
        0.014610648,
        0.014368384000000001,
        0.014438478000000001,
        0.014425574,
        0.014559496000000002,
        0.014479054000000002,
        0.014493006000000001,
        0.014397826,
        0.014612808000000001,
        0.014722235,
        0.01490784,
        0.015332237,
        0.015303453000000002,
        0.015277496000000002,
        0.015144649000000001,
        0.014985413000000001,
        0.014987317000000002,
        0.015434688,
        0.014920573000000001,
        0.014750116,
        0.014756058,
        0.014789209000000001,
        0.015151304,
        0.01512571,
        0.015491553000000002,
        0.015530184,
        0.014745589000000002,
        0.015001984000000001,
        0.014809196,
        0.014652936,
        0.014619044000000001,
        0.014564793000000001,
        0.014428560000000002,
        0.014546088,
        0.01452572,
        0.014455250000000001,
        0.014551828000000001,
        0.014444430000000001,
        0.014489102,
        0.014934589000000002,
        0.014388175000000001,
        0.016035345,
        0.014464374,
        0.014441354000000002,
        0.014365683,
        0.014334776,
        0.014467021,
        0.014559753000000002,
        0.014538705,
        0.01439085,
        0.014425468,
        0.014504240000000002,
        0.014470308000000001,
        0.014497868,
        0.014624223,
        0.014400006000000002,
        0.014500269000000001,
        0.014427638000000001,
        0.014437326,
        0.014470798000000002,
        0.014529968,
        0.014603625,
        0.014508088,
        0.014545968000000001,
        0.014384989
      ],
      "exit_codes": [
        2,
        2,
        2,
        2,
        2,
        2,
        2,
        2,
        2,
        2,
        2,
        2,
        2,
        2,
        2,
        2,
        2,
        2,
        2,
        2,
        2,
        2,
        2,
        2,
        2,
        2,
        2,
        2,
        2,
        2,
        2,
        2,
        2,
        2,
        2,
        2,
        2,
        2,
        2,
        2,
        2,
        2,
        2,
        2,
        2,
        2,
        2,
        2,
        2,
        2,
        2,
        2,
        2,
        2,
        2,
        2,
        2,
        2,
        2,
        2,
        2,
        2,
        2,
        2,
        2,
        2,
        2,
        2,
        2,
        2,
        2,
        2,
        2,
        2,
        2,
        2,
        2,
        2,
        2,
        2,
        2,
        2,
        2,
        2,
        2,
        2,
        2,
        2,
        2,
        2,
        2,
        2,
        2,
        2,
        2,
        2,
        2,
        2,
        2,
        2
      ]
    },
    {
      "command": "python-urllib3",
      "mean": 0.39521499668999993,
      "stddev": 0.004729227944082336,
      "median": 0.3954596805,