{
  "results": [
    {
      "command": "go-http-client",
      "mean": 0.77349014756,
      "stddev": 0.008005587340789919,
      "median": 0.7712863155,
      "user": 0.28196321999999996,
      "system": 0.32238484,
      "min": 0.763630734,
      "max": 0.8102602120000001,
      "times": [
        0.778749149,
        0.782891667,
        0.7742011230000001,
        0.7707532810000001,
        0.7714005530000001,
        0.7736007920000001,
        0.77480532,
        0.768906867,
        0.7657520250000001,
        0.7709173840000001,
        0.7645871700000001,
        0.763630734,
        0.7684582990000001,
        0.779102237,
        0.7795455,
        0.7777801240000001,
        0.7907978670000001,
        0.7711720780000001,
        0.763672019,
        0.7699252910000001,
        0.770606223,
        0.7711332620000001,
        0.8102602120000001,
        0.7691257260000001,
        0.774767631,
        0.771092882,
        0.773117475,
        0.76592706,
        0.7717942480000001,
        0.779164205,
        0.775235568,
        0.77179112,
        0.772424521,
        0.770082151,
        0.76686449,
        0.7690657320000001,
        0.7691837420000001,
        0.770336521,
        0.7647414330000001,
        0.769583059,
        0.772011435,
        0.769113848,
        0.789516769,
        0.774391185,
        0.7786047920000001,
        0.785675942,
        0.7667743410000001,
        0.773482858,
        0.7698796330000001,
        0.778109834
      ],
      "exit_codes": [
        0,
        0,
        0,
        0,
        0,
        0,
        0,
        0,
        0,
        0,
        0,
        0,
        0,
        0,
        0,
        0,
        0,
        0,
        0,
        0,
        0,
        0,
        0,
        0,
        0,
        0,
        0,
        0,
        0,
        0,
        0,
        0,
        0,
        0,
        0,
        0,
        0,
        0,
        0,
        0,
        0,
        0,
        0,
        0,
        0,
        0,
        0,
        0,
        0,
        0
      ]
    },
    {
      "command": "dotnet-http-client",
      "mean": 1.00394816172,
      "stddev": 0.015748532481025253,
      "median": 1.0024182955,
      "user": 1.17709296,
      "system": 0.7366777199999998,
      "min": 0.975261353,
      "max": 1.073964463,
      "times": [
        1.019949649,
        1.018655409,
        1.009092163,
        0.975261353,
        0.996853902,
        0.9994553270000001,
        1.012126795,
        0.9951343400000001,
        1.008839334,
        0.9769701420000001,
        0.9952794760000001,
        1.011272943,
        1.073964463,
        1.013556954,
        1.011258695,
        0.9987332740000001,
        1.014113197,
        0.995501034,
        0.9817901320000001,
        0.9945693400000001,
        1.003210633,
        1.020060897,
        0.999753383,
        1.002610121,
        1.010429114,
        1.002327892,
        0.9972790530000001,
        0.9952190460000001,
        1.000643373,
        0.992683889,
        1.004066044,
        0.985574115,
        0.9932507530000001,
        0.9829021670000001,
        1.024318773,
        1.002508699,
        1.013365288,
        1.01578318,
        0.9970060470000001,
        0.983973563,
        1.009490945,
        1.006312732,
        1.016236008,
        0.999330009,
        1.028310321,
        1.008637477,
        0.9901981860000001,
        0.9959537700000001,
        0.9957836090000001,
        1.017811077
      ],
      "exit_codes": [
        0,
        0,
        0,
        0,
        0,
        0,
        0,
        0,
        0,
        0,
        0,
        0,
        0,
        0,
        0,
        0,
        0,
        0,
        0,
        0,
        0,
        0,
        0,
        0,
        0,
        0,
        0,
        0,
        0,
        0,
        0,
        0,
        0,
        0,
        0,
        0,
        0,
        0,
        0,
        0,
        0,
        0,
        0,
        0,
        0,
        0,
        0,
        0,
        0,
        0
      ]
    },
    {
      "command": "python-requests",
      "mean": 3.21446414162,
      "stddev": 0.018542439269200715,
      "median": 3.2150010074999997,
      "user": 2.7334356600000005,
      "system": 0.18313794000000005,
      "min": 3.167909077,
      "max": 3.260808188,
      "times": [
        3.230201699,
        3.210536035,
        3.179486904,
        3.213058614,
        3.212137756,
        3.200784552,
        3.207440558,
        3.203436041,
        3.194272081,
        3.211839108,
        3.192965491,
        3.229047093,
        3.209662037,
        3.252716556,
        3.1977155870000002,
        3.236639709,
        3.215545152,
        3.2213130420000002,
        3.206302279,
        3.260808188,
        3.217537119,
        3.236425613,
        3.205461191,
        3.217372052,
        3.216535409,
        3.21862027,
        3.218919337,
        3.231215104,
        3.201407766,
        3.215692551,
        3.172211737,
        3.167909077,
        3.214456863,
        3.206767926,
        3.220529102,
        3.207606909,
        3.226429659,
        3.230946624,
        3.226625103,
        3.222867788,
        3.197702563,
        3.208239772,
        3.21867816,
        3.235566326,
        3.233246045,
        3.1754083,
        3.232357087,
        3.238198569,
        3.213886874,
        3.208477703
      ],
      "exit_codes": [
        0,
        0,
        0,
        0,
        0,
        0,
        0,
        0,
        0,
        0,
        0,
        0,
        0,
        0,
        0,
        0,
        0,
        0,
        0,
        0,
        0,
        0,
        0,
        0,
        0,
        0,
        0,
        0,
        0,
        0,
        0,
        0,
        0,
        0,
        0,
        0,
        0,
        0,
        0,
        0,
        0,
        0,
        0,
        0,
        0,
        0,
        0,
        0,
        0,
        0
      ]
    },
    {
      "command": "python-httpx",
      "mean": 0.09784131154,
      "stddev": 0.000788424744912523,
      "median": 0.097714958,
      "user": 0.08159832,
      "system": 0.01605244,
      "min": 0.096543243,
      "max": 0.10000816200000001,
      "times": [
        0.09994615400000001,
        0.09833757300000001,
        0.098264497,
        0.096991187,
        0.09763334500000001,
        0.09740920500000001,
        0.096738377,
        0.097310031,
        0.097651864,
        0.097988583,
        0.09674002000000001,
        0.09762432600000001,
        0.097415761,
        0.09706468400000001,
        0.0978736,
        0.097081072,
        0.09698719,
        0.097366746,
        0.09887343300000001,
        0.098649734,
        0.097423652,
        0.09745366800000001,
        0.097644042,
        0.097802185,
        0.09734227000000001,
        0.097290447,
        0.097218311,
        0.096543243,
        0.09670255000000001,
        0.09732025000000001,
        0.09815452000000001,
        0.097806735,
        0.097778052,
        0.09883974000000001,
        0.098546963,
        0.097866596,
        0.09746241500000001,
        0.099848114,
        0.098105782,
        0.10000816200000001,
        0.09810919900000001,
        0.09857465400000001,
        0.09821608700000001,
        0.097562941,
        0.09715465200000001,
        0.09832876700000001,
        0.09870147800000001,
        0.098445023,
        0.098085087,
        0.09778261
      ],