{
  "results": [
    {
      "command": "go-http-client",
      "mean": 0.7666106484200002,
      "stddev": 0.00543679275037859,
      "median": 0.7666952865000001,
      "user": 0.25861898,
      "system": 0.3197481599999999,
      "min": 0.7506383860000001,
      "max": 0.7833091400000001,
      "times": [
        0.7662309890000001,
        0.7640791450000001,
        0.765687275,
        0.765239915,
        0.7679595880000001,
        0.7506383860000001,
        0.769977793,
        0.7707238030000001,
        0.767173285,
        0.767731103,
        0.770945785,
        0.7721025840000001,
        0.763974687,
        0.772337503,
        0.7596248680000001,
        0.7566872290000001,
        0.76547451,
        0.7666627610000001,
        0.762513102,
        0.766769628,
        0.7682098860000001,
        0.772793606,
        0.7566742550000001,
        0.7687207460000001,
        0.7667278120000001,
        0.764203182,
        0.7658166710000001,
        0.7646954880000001,
        0.7833091400000001,
        0.76651738,
        0.7645315180000001,
        0.7584135430000001,
        0.7647770850000001,
        0.760352668,
        0.769381677,
        0.769000138,
        0.7691934490000001,
        0.776669229,
        0.768700432,
        0.760225189,
        0.7644711110000001,
        0.7650132590000001,
        0.766952045,
        0.7634572150000001,
        0.769564282,
        0.762765645,
        0.7694984760000001,
        0.771846981,
        0.7768118930000001,
        0.768704481
      ],
      "exit_codes": [
        0,
        0,
        0,
        0,
        0,
        0,
        0,
        0,
        0,
        0,
        0,
        0,
        0,
        0,
        0,
        0,
        0,
        0,
        0,
        0,
        0,
        0,
        0,
        0,
        0,
        0,
        0,
        0,
        0,
        0,
        0,
        0,
        0,
        0,
        0,
        0,
        0,
        0,
        0,
        0,
        0,
        0,
        0,
        0,
        0,
        0,
        0,
        0,
        0,
        0
      ]
    },
    {
      "command": "python-requests",
      "mean": 4.64483735186,
      "stddev": 0.0355752738955816,
      "median": 4.642821501,
      "user": 3.778608380000001,
      "system": 0.5870787999999999,
      "min": 4.57575324,
      "max": 4.725329523,
      "times": [
        4.602201591,
        4.674703332,
        4.584148814,
        4.62700941,
        4.639986082,
        4.644213516,
        4.653334313,
        4.695734983,
        4.5917054230000005,
        4.655405923,
        4.690588803,
        4.5966273,
        4.636393531,
        4.57575324,
        4.698420005,
        4.640662826,
        4.607599079,
        4.643376563,
        4.586222058,
        4.593616797,
        4.621478225,
        4.616386667,
        4.621423017,
        4.703246226,
        4.67254022,
        4.6368900580000005,
        4.642266439,
        4.683805053,
        4.725329523,
        4.611960382,
        4.65399599,
        4.608827131,
        4.624529027,
        4.687158718,
        4.66319279,
        4.618716028,
        4.653824697,
        4.6298919430000005,
        4.654791411,
        4.633318922,
        4.684624961,
        4.645517929,
        4.6700081650000005,
        4.661415949,
        4.680244782,
        4.691971044,
        4.608818556,
        4.669415717,
        4.640949526,
        4.687624908
      ],
      "exit_codes": [
        0,
        0,
        0,
        0,
        0,
        0,
        0,
        0,
        0,
        0,
        0,
        0,
        0,
        0,
        0,
        0,
        0,
        0,
        0,
        0,
        0,
        0,
        0,
        0,
        0,
        0,
        0,
        0,
        0,
        0,
        0,
        0,
        0,
        0,
        0,
        0,
        0,
        0,
        0,
        0,
        0,
        0,
        0,
        0,
        0,
        0,
        0,
        0,
        0,
        0
      ]
    },
    {
      "command": "python-httpx",
      "mean": 0.07301856382,
      "stddev": 0.004199952872322399,
      "median": 0.071726991,
      "user": 0.05942063999999998,
      "system": 0.01337722,
      "min": 0.07047059800000001,
      "max": 0.092773558,
      "times": [
        0.071916382,
        0.072308735,
        0.072307353,
        0.071440247,
        0.075359693,
        0.073858503,
        0.08290415500000001,
        0.07474014600000001,
        0.07480041100000001,
        0.073960882,
        0.092773558,
        0.089840503,
        0.07304732400000001,
        0.072347697,
        0.071310723,
        0.071632438,
        0.07047059800000001,
        0.071048029,
        0.072068878,
        0.07166009400000001,
        0.071039801,
        0.072043992,
        0.07171543000000001,
        0.072051506,
        0.07193553000000001,
        0.071532449,
        0.07154484200000001,
        0.07136597900000001,
        0.07184375900000001,
        0.071964477,
        0.071645767,
        0.071435828,
        0.071724991,
        0.07125393000000001,
        0.072036007,
        0.07142533000000001,
        0.071725378,
        0.07156422500000001,
        0.07138118,
        0.071451656,
        0.072379678,
        0.071511883,
        0.071078212,
        0.071728604,
        0.071534964,
        0.072092853,
        0.071702977,
        0.07116286000000001,
        0.072120906,
        0.073136848
      ],
      "exit_codes": [
        1,
        1,
        1,
        1,
        1,
        1,
        1,
        1,
        1,
        1,
        1,
        1,
        1,
        1,
        1,
        1,
        1,
        1,
        1,
        1,
        1,
        1,
        1,
        1,
        1,
        1,
        1,
        1,
        1,
        1,
        1,
        1,
        1,
        1,
        1,
        1,
        1,
        1,
        1,
        1,
        1,
        1,
        1,
        1,
        1,
        1,
        1,
        1,
        1,
        1
      ]
    },
    {
      "command": "rust-reqwest",
      "mean": 0.6002840381600001,
      "stddev": 0.009864581460816535,
      "median": 0.5986924605,
      "user": 0.11231844000000002,
      "system": 0.12195468000000004,
      "min": 0.584210706,
      "max": 0.629077868,
      "times": [
        0.5938905670000001,
        0.598286368,
        0.591320002,
        0.600438358,
        0.598634279,
        0.598750642,
        0.615891527,
        0.59835079,
        0.590320364,
        0.6030770990000001,
        0.6127176120000001,
        0.591781164,
        0.619462935,
        0.598076398,
        0.597051577,
        0.5950460980000001,
        0.602305659,
        0.5992865580000001,
        0.595420626,
        0.603764768,
        0.6026622610000001,
        0.601877479,
        0.584210706,
        0.6047600280000001,
        0.588737752,
        0.585596518,
        0.629077868,
        0.621907035,
        0.6126866320000001,
        0.604899633,
        0.588517352,
        0.6080010600000001,
        0.6189013720000001,
        0.6056659910000001,
        0.6014732730000001,
        0.5966394970000001,
        0.6131726200000001,
        0.597389385,
        0.5900927060000001,
        0.5991112160000001,
        0.591390694,
        0.5842415830000001,
        0.5988883700000001,
        0.6017949880000001,
        0.598320639,
        0.5929339290000001,
        0.597344627,
        0.6073189320000001,
        0.5887431320000001,
        0.593971239
      ],